userid,email,membership_length,membership_days,is_mcp_user,is_rule_creator,is_rule_user,is_command_creator,is_command_user,num_products_used
100000000,abigail.green@acmecorp.com,3mo3w3d,114,false,false,false,false,false,1
100000001,henry.adams@acmecorp.com,7mo,210,false,false,false,false,false,1
100000002,wayne.flores@acmecorp.com,7mo3w6d,237,false,false,false,false,false,1
100000003,keith.alvarez@acmecorp.com,4mo4w,148,false,true,true,false,true,2
100000004,lauren.kennedy@acmecorp.com,8mo2w,254,false,false,false,false,false,2
100000005,sean.peterson@acmecorp.com,6mo3w1d,202,true,true,true,false,false,3
100000006,jerry.nelson@acmecorp.com,9mo1w6d,283,false,false,false,false,false,2
100000007,ann.lewis@acmecorp.com,3mo1w4d,101,true,true,true,true,true,3
100000008,austin.coleman@acmecorp.com,10mo2w2d,316,false,false,false,false,false,1
100000009,evelyn.edwards@acmecorp.com,6mo1d,181,false,false,false,false,false,3
100000010,harold.martinez@acmecorp.com,3mo3d,93,false,false,false,false,false,2
100000011,lisa.alvarez@acmecorp.com,6mo2w4d,198,false,false,false,false,false,3
100000012,dorothy.porter@acmecorp.com,6mo3w6d,207,true,true,false,false,false,2
100000013,thomas.washington@acmecorp.com,1mo5d,35,false,false,false,false,false,1
100000014,billy.jordan@acmecorp.com,2mo2d,62,true,false,false,false,false,2
100000015,nathan.fisher@acmecorp.com,6mo5d,185,false,true,true,false,true,3
100000016,raymond.ross@acmecorp.com,4mo,120,true,false,false,false,true,3
100000017,susan.wood@acmecorp.com,6mo1w5d,192,false,true,true,false,false,1
100000018,ronald.long@acmecorp.com,1mo2w5d,49,false,false,false,false,false,1
100000019,raymond.hall@acmecorp.com,9mo3d,273,false,false,true,false,true,1
100000020,brenda.brooks@acmecorp.com,1mo3d,33,false,false,false,false,false,2
100000021,danielle.clark@acmecorp.com,10mo4w1d,329,false,false,true,false,false,2
100000022,bobby.rivera@acmecorp.com,3mo4w1d,119,false,false,false,false,true,1
100000023,barbara.parker@acmecorp.com,2mo4w1d,89,false,false,true,false,false,2
100000024,maria.gonzales@acmecorp.com,7mo2w6d,230,true,true,true,false,false,2
100000025,brenda.wallace@acmecorp.com,2mo6d,66,true,false,true,true,true,4
100000026,kenneth.stevens@acmecorp.com,7mo2d,212,false,false,false,false,false,1
100000027,jean.stevens@acmecorp.com,1mo4d,34,false,false,true,false,false,2
100000028,brenda.clark@acmecorp.com,5mo5d,155,false,true,true,true,false,2
100000029,justin.olson@acmecorp.com,5mo1w4d,161,true,false,true,true,false,3
100000030,kelly.wilson@acmecorp.com,8mo1w5d,252,false,false,false,false,false,1
100000031,linda.fernandez@acmecorp.com,1mo2d,32,false,true,false,false,true,2
100000032,walter.allen@acmecorp.com,4mo2w3d,137,false,false,false,false,false,1
100000033,albert.james@acmecorp.com,6mo1w3d,190,true,false,true,false,true,2
100000034,dorothy.jackson@acmecorp.com,8mo1w2d,249,false,false,true,false,false,1
100000035,beverly.phillips@acmecorp.com,4mo6d,126,true,false,false,false,false,3
100000036,barbara.patel@acmecorp.com,8mo3w3d,264,false,false,false,true,true,2
100000037,albert.bryant@acmecorp.com,3mo1d,91,true,false,true,true,true,3
100000038,matthew.ross@acmecorp.com,5mo3w6d,177,false,false,true,true,true,3
100000039,virginia.castillo@acmecorp.com,8mo1w1d,248,false,false,false,false,false,2
100000040,carolyn.gibson@acmecorp.com,4mo1w5d,132,true,true,true,true,false,3
100000041,melissa.romero@acmecorp.com,7mo1w3d,220,true,false,false,false,false,2
100000042,joan.long@acmecorp.com,7mo1w6d,223,true,false,false,true,false,3
100000043,rebecca.harris@acmecorp.com,2mo1w3d,70,true,false,true,false,true,3
100000044,kayla.murray@acmecorp.com,11mo,330,false,false,true,false,false,2
100000045,george.gonzalez@acmecorp.com,7mo1w1d,218,true,true,true,false,false,2
100000046,nicholas.nelson@acmecorp.com,10mo1w3d,310,false,false,false,false,false,2
100000047,walter.baker@acmecorp.com,4mo2w5d,139,false,false,true,false,false,2
100000048,louise.sanders@acmecorp.com,10mo1w2d,309,false,false,false,false,true,3
100000049,lori.watson@acmecorp.com,12mo1d,361,true,false,false,false,false,3
100000050,gabriel.woods@acmecorp.com,10mo1w2d,309,false,false,true,true,false,3
100000051,marilyn.gonzales@acmecorp.com,2mo3w4d,85,true,false,false,true,false,2
100000052,adam.clark@acmecorp.com,10mo3w4d,325,false,false,false,false,false,1
100000053,eugene.chen@acmecorp.com,2mo1w1d,68,false,false,true,true,false,3
100000054,henry.garcia@acmecorp.com,6mo1w2d,189,false,false,false,false,false,2
100000055,brenda.allen@acmecorp.com,7mo4w,238,false,false,false,false,false,1
100000056,nathan.cole@acmecorp.com,2mo2w,74,false,false,false,false,false,1
100000057,walter.jordan@acmecorp.com,11mo1d,331,true,false,false,false,false,2
100000058,joshua.henry@acmecorp.com,3mo2w2d,106,false,false,false,false,false,2
100000059,sharon.torres@acmecorp.com,11mo3w6d,357,true,false,true,false,false,3
100000060,larry.hamilton@acmecorp.com,9mo3w4d,295,false,false,false,false,false,1
100000061,marilyn.scott@acmecorp.com,10mo4d,304,false,true,false,false,false,2
100000062,brittany.ward@acmecorp.com,10mo4d,304,false,true,true,false,false,3
100000063,thomas.castro@acmecorp.com,11mo3w,351,false,false,false,false,false,2
100000064,vincent.mcdonald@acmecorp.com,5mo3d,153,false,false,false,false,true,2
100000065,gregory.cole@acmecorp.com,5mo3w,171,false,false,false,true,true,2
100000066,teresa.hill@acmecorp.com,6mo1w1d,188,true,false,true,true,false,1
100000067,laura.wallace@acmecorp.com,2mo3w,81,false,false,false,false,false,2
100000068,charles.herrera@acmecorp.com,3mo2w1d,105,false,false,false,false,false,1
100000069,lisa.kim@acmecorp.com,7mo3w3d,234,false,false,false,false,false,1
100000070,ryan.lopez@acmecorp.com,11mo2w6d,350,false,false,false,false,false,2
100000071,roger.guzman@acmecorp.com,1mo,30,false,false,true,false,false,2
100000072,sandra.simmons@acmecorp.com,7mo1d,211,true,true,true,true,true,4
100000073,keith.coleman@acmecorp.com,3mo3w,111,true,false,true,true,true,3
100000074,abigail.gonzalez@acmecorp.com,8mo,240,true,false,true,false,true,4
100000075,lawrence.kennedy@acmecorp.com,2mo1w2d,69,false,false,false,false,false,1
100000076,cynthia.woods@acmecorp.com,6mo4d,184,true,true,false,false,true,2
100000077,vincent.evans@acmecorp.com,5mo3w6d,177,false,false,false,false,true,1
100000078,stephen.hill@acmecorp.com,11mo6d,336,true,false,false,false,true,2
100000079,justin.perry@acmecorp.com,11mo2w5d,349,false,false,true,false,false,2
100000080,john.tucker@acmecorp.com,4mo2w6d,140,false,false,false,false,false,1
100000081,sophia.brown@acmecorp.com,7mo5d,215,false,false,false,false,true,1
100000082,billy.brooks@acmecorp.com,2mo2w,74,false,false,true,false,false,2
100000083,bruce.patterson@acmecorp.com,4mo1w1d,128,true,false,false,false,false,1
100000084,russell.jordan@acmecorp.com,2mo2w4d,78,true,false,false,false,false,2
100000085,rachel.walker@acmecorp.com,6mo1w2d,189,true,false,false,false,true,2
100000086,margaret.chavez@acmecorp.com,7mo1w1d,218,true,false,true,true,true,4
100000087,raymond.henderson@acmecorp.com,3mo2w6d,110,false,false,false,false,false,2
100000088,sharon.murphy@acmecorp.com,5mo1w4d,161,false,true,true,false,true,3
100000089,juan.lopez@acmecorp.com,4mo3w6d,147,false,false,false,false,false,2
100000090,christian.rodriguez@acmecorp.com,9mo1w5d,282,false,false,true,false,false,2
100000091,judy.phillips@acmecorp.com,9mo3w6d,297,true,false,true,false,true,2
100000092,sharon.morgan@acmecorp.com,6mo2w4d,198,false,true,false,false,false,3
100000093,gerald.hill@acmecorp.com,2mo2w5d,79,false,false,false,false,false,1
100000094,diane.wells@acmecorp.com,8mo3w4d,265,true,true,false,true,false,4
100000095,gary.jimenez@acmecorp.com,8mo3w3d,264,false,false,false,false,false,1
100000096,brandon.james@acmecorp.com,5mo3w3d,174,true,false,false,false,false,2
100000097,patricia.woods@acmecorp.com,8mo4w,268,true,true,true,false,true,4
100000098,david.richardson@acmecorp.com,8mo1w5d,252,false,true,false,false,false,2
100000099,lauren.simpson@acmecorp.com,1mo5d,35,true,false,false,false,false,2
100000100,kimberly.harris@acmecorp.com,3mo2w,104,false,false,false,false,false,1
100000101,sophia.roberts@acmecorp.com,10mo1w2d,309,false,true,false,true,true,2
100000102,christopher.campbell@acmecorp.com,10mo1w1d,308,false,true,false,true,true,4
100000103,ethan.ward@acmecorp.com,4mo,120,false,false,false,false,false,2
100000104,juan.price@acmecorp.com,9mo2d,272,false,false,false,true,true,2
100000105,joyce.cook@acmecorp.com,7mo2w5d,229,false,false,false,false,false,2
100000106,carl.tran@acmecorp.com,2mo1w4d,71,true,true,true,false,true,3
100000107,deborah.thomas@acmecorp.com,2mo6d,66,false,false,false,false,false,2
100000108,zachary.ward@acmecorp.com,3mo4d,94,false,false,true,false,false,1
100000109,nicole.martin@acmecorp.com,2mo1w,67,true,false,true,true,true,4
100000110,marilyn.washington@acmecorp.com,11mo2w3d,347,false,false,false,false,false,1
100000111,brian.foster@acmecorp.com,10mo1w4d,311,false,false,false,false,true,2
100000112,thomas.wilson@acmecorp.com,1mo2w3d,47,false,false,false,false,true,1
100000113,roger.crawford@acmecorp.com,4mo5d,125,false,false,false,false,false,1
100000114,edward.young@acmecorp.com,5mo3d,153,false,true,false,false,false,1
100000115,gloria.wright@acmecorp.com,10mo2w3d,317,false,false,false,true,false,1
100000116,martha.edwards@acmecorp.com,7mo2w4d,228,false,false,false,false,false,3
100000117,henry.moore@acmecorp.com,10mo4w1d,329,true,false,false,false,false,2
100000118,philip.mcdonald@acmecorp.com,8mo2w6d,260,false,false,false,false,false,1
100000119,eugene.bailey@acmecorp.com,4mo2d,122,false,false,false,false,false,1
100000120,teresa.thompson@acmecorp.com,9mo2d,272,false,false,false,false,false,1
100000121,charles.gibson@acmecorp.com,8mo3w6d,267,false,false,false,false,false,2
100000122,philip.harris@acmecorp.com,9mo2w2d,286,false,false,false,false,true,2
100000123,harold.mcdonald@acmecorp.com,1mo3w,51,false,true,false,false,false,2
100000124,dylan.gutierrez@acmecorp.com,8mo2w5d,259,true,false,false,false,false,1
100000125,sandra.ford@acmecorp.com,11mo1w6d,343,false,false,false,false,false,2
100000126,anna.anderson@acmecorp.com,7mo5d,215,false,false,false,false,false,1
100000127,amanda.mcdonald@acmecorp.com,1mo3w,51,false,false,false,false,false,2
100000128,willie.tucker@acmecorp.com,11mo2w5d,349,false,false,false,false,false,2
100000129,lori.nguyen@acmecorp.com,7mo5d,215,true,false,false,false,false,2
100000130,sean.gonzales@acmecorp.com,8mo1w4d,251,false,false,false,true,false,2
100000131,vincent.miller@acmecorp.com,2mo3d,63,false,false,false,false,false,2
100000132,douglas.long@acmecorp.com,1mo3w4d,55,false,false,true,false,false,1
100000133,jack.russell@acmecorp.com,11mo5d,335,false,false,true,false,false,2
100000134,laura.adams@acmecorp.com,6mo,180,false,false,false,false,true,2
100000135,ashley.barnes@acmecorp.com,5mo1d,151,false,false,false,false,true,2
100000136,david.alexander@acmecorp.com,6mo6d,186,false,true,true,true,false,4
100000137,eric.kennedy@acmecorp.com,1mo4d,34,true,true,true,false,false,3
100000138,abigail.mendoza@acmecorp.com,8mo4w1d,269,false,false,false,false,false,2
100000139,mason.fernandez@acmecorp.com,5mo3w1d,172,false,false,false,false,false,1
100000140,steven.baker@acmecorp.com,1mo1w4d,41,true,false,false,false,true,3
100000141,justin.flores@acmecorp.com,6mo6d,186,true,false,false,false,false,3
100000142,albert.lopez@acmecorp.com,12mo4d,364,false,false,false,false,false,1
100000143,randy.bennett@acmecorp.com,6mo2w5d,199,false,false,false,false,false,1
100000144,theresa.ford@acmecorp.com,3mo2w3d,107,false,true,true,true,false,2
100000145,timothy.hill@acmecorp.com,2mo1w5d,72,false,false,false,false,false,1
100000146,maria.rivera@acmecorp.com,10mo1d,301,false,false,false,false,false,2
100000147,eugene.stevens@acmecorp.com,7mo1w5d,222,false,false,false,false,false,2
100000148,john.gutierrez@acmecorp.com,3mo3d,93,false,false,true,true,false,2
100000149,jack.ramos@acmecorp.com,8mo1w4d,251,true,false,true,false,true,3
100000150,melissa.thomas@acmecorp.com,8mo2w,254,false,false,false,true,false,1
100000151,eric.moreno@acmecorp.com,10mo5d,305,false,false,false,false,true,1
100000152,dennis.bryant@acmecorp.com,7mo6d,216,true,false,true,true,true,3
100000153,judith.medina@acmecorp.com,4mo3d,123,true,false,false,false,false,2
100000154,adam.campbell@acmecorp.com,6mo2w1d,195,true,false,false,false,false,3
100000155,deborah.scott@acmecorp.com,8mo2w6d,260,false,false,false,true,false,2
100000156,evelyn.jenkins@acmecorp.com,5mo3w4d,175,true,false,true,false,false,2
100000157,aaron.bryant@acmecorp.com,1mo2d,32,false,false,false,false,false,1
100000158,heather.murphy@acmecorp.com,3mo3w3d,114,true,false,true,false,false,1
100000159,christopher.marshall@acmecorp.com,9mo6d,276,false,true,false,false,false,1
100000160,logan.guzman@acmecorp.com,2mo2w6d,80,false,false,false,false,false,1
100000161,alexis.thomas@acmecorp.com,8mo1w1d,248,true,true,false,false,false,3
100000162,kevin.stevens@acmecorp.com,4mo4w,148,false,false,false,false,false,2
100000163,peter.edwards@acmecorp.com,10mo5d,305,true,false,true,false,false,2
100000164,kathryn.miller@acmecorp.com,9mo2w5d,289,true,false,false,true,false,2
100000165,victoria.scott@acmecorp.com,6mo3w4d,205,true,false,false,false,false,1
100000166,samantha.nguyen@acmecorp.com,8mo1w3d,250,true,false,true,false,true,4
100000167,julia.ford@acmecorp.com,1mo4w,58,true,false,false,false,true,2
100000168,carol.marshall@acmecorp.com,11mo4w1d,359,false,false,false,false,false,2
100000169,harold.wright@acmecorp.com,5mo2w2d,166,false,false,true,false,true,2
100000170,donna.richardson@acmecorp.com,4mo,120,false,false,false,false,false,1
100000171,michael.foster@acmecorp.com,6mo3w2d,203,true,false,true,true,true,1
100000172,lauren.kim@acmecorp.com,7mo1w1d,218,true,true,true,false,false,2
100000173,dorothy.gray@acmecorp.com,4mo3w,141,true,false,true,false,false,3
100000174,andrea.west@acmecorp.com,10mo1w4d,311,true,false,false,true,false,1
100000175,james.campbell@acmecorp.com,5mo2w4d,168,false,false,false,false,false,1
100000176,logan.stevens@acmecorp.com,2mo3w4d,85,true,false,true,false,false,3
100000177,benjamin.phillips@acmecorp.com,8mo2w1d,255,false,false,false,false,false,1
100000178,joshua.bell@acmecorp.com,2mo5d,65,false,true,true,false,true,3
100000179,danielle.edwards@acmecorp.com,1mo5d,35,true,true,true,true,true,4
100000180,vincent.smith@acmecorp.com,6mo4w,208,false,false,false,false,false,1
100000181,roy.mitchell@acmecorp.com,2mo3w6d,87,false,true,false,false,false,2
100000182,olivia.kim@acmecorp.com,7mo1w4d,221,false,false,false,false,false,1
100000183,austin.rodriguez@acmecorp.com,10mo1w2d,309,true,false,false,true,true,2
100000184,barbara.diaz@acmecorp.com,2mo4w,88,true,true,true,true,true,4
100000185,karen.ward@acmecorp.com,7mo1w5d,222,false,false,false,false,false,1
100000186,jacqueline.richardson@acmecorp.com,10mo3w6d,327,false,true,true,false,true,3
100000187,dorothy.medina@acmecorp.com,4mo3w4d,145,false,false,false,false,true,3
100000188,heather.gray@acmecorp.com,3mo3w2d,113,false,false,false,false,false,1
100000189,michael.alvarez@acmecorp.com,11mo3w6d,357,false,false,false,false,false,1
100000190,virginia.james@acmecorp.com,9mo2w4d,288,false,false,false,false,false,2
100000191,carl.collins@acmecorp.com,2mo2w3d,77,false,false,false,false,false,1
100000192,emily.hayes@acmecorp.com,4mo1w,127,false,false,true,false,false,1
100000193,nicholas.foster@acmecorp.com,9mo6d,276,false,false,false,false,false,1
100000194,stephanie.porter@acmecorp.com,2mo3w6d,87,false,false,true,false,true,3
100000195,denise.kelly@acmecorp.com,11mo2w5d,349,true,false,false,false,false,1
100000196,roy.gonzales@acmecorp.com,4mo4w,148,true,false,true,true,false,2
100000197,olivia.brooks@acmecorp.com,10mo3w1d,322,false,false,false,false,false,2
100000198,marilyn.kim@acmecorp.com,1mo1w1d,38,true,false,true,false,true,2
100000199,joshua.jenkins@acmecorp.com,1mo3w6d,57,true,false,false,false,false,2
100000200,ashley.johnson@acmecorp.com,5mo3w2d,173,true,false,false,false,false,2
100000201,kathryn.wallace@acmecorp.com,9mo1w5d,282,true,false,true,true,true,4
100000202,danielle.howard@acmecorp.com,11mo1w1d,338,true,false,false,false,false,2
100000203,timothy.foster@acmecorp.com,9mo1w6d,283,true,false,false,false,true,2
100000204,brittany.alvarez@acmecorp.com,3mo3w,111,false,false,false,false,false,2
100000205,harold.allen@acmecorp.com,11mo3w6d,357,false,false,true,false,false,2
100000206,randy.powell@acmecorp.com,9mo6d,276,false,true,false,true,true,3
100000207,gloria.mendoza@acmecorp.com,4mo2w6d,140,false,true,true,false,true,3
100000208,elizabeth.cruz@acmecorp.com,1mo2w,44,true,true,true,true,true,2
100000209,sophia.bailey@acmecorp.com,1mo4w,58,false,false,false,false,false,1
100000210,keith.hunter@acmecorp.com,10mo2w5d,319,true,false,false,false,false,1
100000211,lawrence.gomez@acmecorp.com,2mo1w6d,73,false,true,false,false,false,2
100000212,willie.hughes@acmecorp.com,7mo1d,211,false,false,true,false,false,2
100000213,nicole.cruz@acmecorp.com,8mo1w5d,252,false,false,false,false,false,2
100000214,christopher.morales@acmecorp.com,10mo2w4d,318,false,false,false,false,false,1
100000215,doris.fernandez@acmecorp.com,7mo2w2d,226,false,false,false,false,false,2
100000216,mason.taylor@acmecorp.com,7mo1w5d,222,false,false,true,false,false,1
100000217,catherine.jordan@acmecorp.com,5mo,150,false,false,false,false,false,2
100000218,charles.gonzalez@acmecorp.com,2mo3w6d,87,false,true,true,false,false,2
100000219,denise.cook@acmecorp.com,11mo3w3d,354,false,false,false,false,false,1
100000220,christina.patel@acmecorp.com,5mo1w2d,159,false,false,false,false,false,1
100000221,brenda.webb@acmecorp.com,8mo4w,268,false,false,false,false,true,2
100000222,maria.thomas@acmecorp.com,9mo4w,298,true,true,true,true,true,4
100000223,donna.clark@acmecorp.com,7mo1w,217,false,false,false,false,false,2
100000224,eugene.stewart@acmecorp.com,7mo1w6d,223,false,true,false,true,true,4
100000225,emily.chen@acmecorp.com,9mo2w4d,288,false,true,false,false,true,3
100000226,george.gomez@acmecorp.com,3mo1w5d,102,false,false,false,false,true,3
100000227,thomas.olson@acmecorp.com,12mo5d,365,false,false,true,false,false,3
100000228,aaron.webb@acmecorp.com,3mo2w1d,105,false,false,false,false,false,1
100000229,samuel.hayes@acmecorp.com,8mo3w1d,262,false,true,false,true,true,4
100000230,kevin.coleman@acmecorp.com,9mo1w3d,280,true,false,false,false,false,2
100000231,jessica.patterson@acmecorp.com,4mo1d,121,false,true,false,false,true,2
100000232,eric.torres@acmecorp.com,6mo6d,186,false,true,true,false,true,2
100000233,christina.torres@acmecorp.com,3mo2d,92,false,false,true,false,true,2
100000234,brandon.long@acmecorp.com,10mo3w2d,323,true,false,false,false,false,3
100000235,sarah.james@acmecorp.com,3mo3w4d,115,true,false,true,false,true,2
100000236,ryan.perez@acmecorp.com,11mo1w2d,339,false,false,false,false,false,1
100000237,victoria.scott1@acmecorp.com,4mo3w3d,144,true,true,false,false,false,3
100000238,kayla.ramirez@acmecorp.com,4mo3w1d,142,false,false,true,false,false,2
100000239,gary.ross@acmecorp.com,5mo3w1d,172,false,false,false,false,true,2
100000240,sara.garcia@acmecorp.com,2mo2w6d,80,false,false,false,false,false,1
100000241,ryan.fisher@acmecorp.com,6mo3w3d,204,false,false,true,false,false,1
100000242,kelly.west@acmecorp.com,5mo2w6d,170,false,false,false,false,false,2
100000243,arthur.vargas@acmecorp.com,4mo1w,127,false,true,true,false,false,3
100000244,carolyn.robinson@acmecorp.com,10mo1w,307,true,false,false,false,true,2
100000245,martha.scott@acmecorp.com,9mo5d,275,false,false,true,false,false,2
100000246,nicole.ross@acmecorp.com,6mo2w4d,198,true,true,true,false,false,3
100000247,mason.jones@acmecorp.com,4mo3w5d,146,false,false,false,false,false,1
100000248,stephanie.perry@acmecorp.com,1mo2d,32,false,true,false,false,false,1
100000249,janet.hamilton@acmecorp.com,4mo2w1d,135,false,false,false,false,false,1
100000250,martha.olson@acmecorp.com,9mo2w2d,286,false,false,false,true,false,2
100000251,dennis.thomas@acmecorp.com,5mo2w1d,165,true,false,false,true,true,2
100000252,janice.myers@acmecorp.com,6mo2w2d,196,false,false,true,false,true,2
100000253,mary.garcia@acmecorp.com,1mo3w5d,56,false,true,true,false,false,2
100000254,jason.kim@acmecorp.com,11mo2w,344,true,false,false,false,false,2
100000255,kathryn.vasquez@acmecorp.com,9mo2d,272,true,true,false,false,true,4
100000256,alan.fernandez@acmecorp.com,5mo1w2d,159,true,false,false,false,false,3
100000257,katherine.parker@acmecorp.com,10mo2w2d,316,false,false,false,false,false,2
100000258,larry.gutierrez@acmecorp.com,6mo2w1d,195,true,true,true,false,true,3
100000259,edward.sullivan@acmecorp.com,4mo2w3d,137,true,true,false,true,false,3
100000260,barbara.campbell@acmecorp.com,2mo5d,65,false,false,false,false,false,2
100000261,joshua.hall@acmecorp.com,9mo,270,true,false,false,true,true,2
100000262,linda.evans@acmecorp.com,8mo4d,244,false,false,true,true,true,4
100000263,jennifer.murray@acmecorp.com,2mo3w,81,false,false,false,false,false,1
100000264,benjamin.bryant@acmecorp.com,3mo1w6d,103,false,false,false,false,false,2
100000265,sharon.tran@acmecorp.com,6mo1w6d,193,false,true,true,false,false,1
100000266,mason.alexander@acmecorp.com,3mo3w4d,115,false,true,true,false,true,3
100000267,sara.johnson@acmecorp.com,11mo2d,332,false,false,true,false,false,1
100000268,sean.smith@acmecorp.com,8mo1w3d,250,false,true,false,true,true,4
100000269,jerry.herrera@acmecorp.com,1mo3w6d,57,false,false,false,true,false,1
100000270,logan.jenkins@acmecorp.com,8mo3w6d,267,false,false,true,false,false,2
100000271,jennifer.brown@acmecorp.com,6mo2w4d,198,false,false,false,false,false,1
100000272,gerald.gomez@acmecorp.com,5mo2w5d,169,false,false,true,false,false,2
100000273,laura.hill@acmecorp.com,5mo3d,153,false,false,false,true,false,3
100000274,cynthia.bell@acmecorp.com,11mo2w2d,346,false,true,false,false,false,2
100000275,joyce.sanders@acmecorp.com,2mo3w,81,false,false,false,false,false,1
100000276,matthew.watson@acmecorp.com,9mo1w6d,283,true,true,false,false,false,3
100000277,linda.wells@acmecorp.com,2mo3w6d,87,false,false,true,true,false,2
100000278,debra.scott@acmecorp.com,3mo2w,104,false,false,false,false,false,1
100000279,catherine.ward@acmecorp.com,3mo3d,93,false,false,false,false,false,1
100000280,marilyn.allen@acmecorp.com,2mo6d,66,false,false,false,false,true,1
100000281,michael.collins@acmecorp.com,3mo6d,96,false,false,true,false,true,2
100000282,harold.crawford@acmecorp.com,7mo1w5d,222,false,false,true,false,false,3
100000283,carl.martinez@acmecorp.com,8mo2w6d,260,false,false,true,false,false,3
100000284,bradley.adams@acmecorp.com,8mo2w4d,258,false,false,false,false,false,2
100000285,roger.martinez@acmecorp.com,4mo3w,141,true,true,true,false,false,2
100000286,roy.alexander@acmecorp.com,7mo2w2d,226,false,false,false,false,true,3
100000287,jerry.porter@acmecorp.com,9mo1w3d,280,false,false,false,false,true,2
100000288,nicholas.smith@acmecorp.com,2mo3w2d,83,false,false,false,true,true,2
100000289,benjamin.henderson@acmecorp.com,11mo1w6d,343,false,false,false,false,false,1
100000290,bobby.wood@acmecorp.com,10mo2w3d,317,false,false,false,false,false,2
100000291,margaret.cooper@acmecorp.com,7mo2w6d,230,false,false,true,false,false,1
100000292,christopher.vasquez@acmecorp.com,9mo4w,298,false,false,false,false,false,1
100000293,andrea.davis@acmecorp.com,11mo4d,334,false,false,false,false,false,2
100000294,larry.gonzales@acmecorp.com,6mo3w,201,false,false,false,true,true,2
100000295,helen.bennett@acmecorp.com,2mo3w1d,82,true,true,true,false,true,3
100000296,roger.hughes@acmecorp.com,11mo4d,334,false,false,true,false,false,1
100000297,randy.patel@acmecorp.com,8mo2w,254,true,false,false,false,false,2
100000298,jack.hayes@acmecorp.com,11mo2w2d,346,false,false,false,false,false,2
100000299,george.jones@acmecorp.com,3mo1w5d,102,true,true,true,true,true,3
100000300,amanda.morgan@acmecorp.com,4mo5d,125,false,false,false,false,false,1
100000301,dorothy.patterson@acmecorp.com,2mo1d,61,false,false,false,false,false,2
100000302,bryan.james@acmecorp.com,11mo2w1d,345,false,false,true,true,false,2
100000303,philip.harris1@acmecorp.com,6mo2w2d,196,false,false,true,false,false,2
100000304,sharon.jordan@acmecorp.com,6mo2d,182,false,false,true,false,false,1
100000305,walter.torres@acmecorp.com,10mo1w1d,308,false,false,true,false,false,1
100000306,lauren.ellis@acmecorp.com,6mo3w3d,204,false,true,true,false,false,2
100000307,amanda.baker@acmecorp.com,10mo3w6d,327,false,false,false,false,false,1
100000308,douglas.martin@acmecorp.com,1mo3w,51,false,true,false,false,false,3
100000309,nathan.garcia@acmecorp.com,11mo1w,337,false,false,false,false,false,2
100000310,elizabeth.alexander@acmecorp.com,3mo2w,104,true,true,false,true,true,3
100000311,tyler.hunter@acmecorp.com,11mo2w2d,346,false,false,false,false,false,1
100000312,martha.phillips@acmecorp.com,1mo1w3d,40,false,false,false,false,false,2
100000313,alexis.martinez@acmecorp.com,1mo3w3d,54,false,false,false,false,false,1
100000314,nicole.ward@acmecorp.com,7mo2d,212,true,false,false,true,false,3
100000315,nicole.white@acmecorp.com,3mo1w6d,103,false,true,false,false,false,3
100000316,joe.jackson@acmecorp.com,2mo1d,61,false,false,false,false,false,1
100000317,helen.collins@acmecorp.com,2mo2w5d,79,true,false,false,true,false,3
100000318,douglas.bennett@acmecorp.com,9mo1w4d,281,true,false,false,false,false,2
100000319,sharon.kelly@acmecorp.com,9mo3w6d,297,true,false,false,false,false,3
100000320,kathryn.martin@acmecorp.com,3mo1w5d,102,true,false,true,false,true,3
100000321,douglas.morgan@acmecorp.com,4mo3w5d,146,false,false,false,false,false,1
100000322,samuel.mendoza@acmecorp.com,6mo1w1d,188,false,false,false,false,false,1
100000323,anthony.white@acmecorp.com,4mo4w,148,false,false,false,false,false,1
100000324,michael.smith@acmecorp.com,11mo3w,351,false,false,false,false,false,1
100000325,christine.jimenez@acmecorp.com,3mo2w5d,109,true,false,true,true,true,3
100000326,kenneth.olson@acmecorp.com,11mo1w,337,false,false,false,false,false,1
100000327,amanda.brooks@acmecorp.com,7mo6d,216,false,false,true,false,false,1
100000328,matthew.cooper@acmecorp.com,7mo2w5d,229,true,true,false,false,false,2
100000329,kayla.anderson@acmecorp.com,9mo2w3d,287,false,false,false,false,false,2
100000330,ann.turner@acmecorp.com,2mo2w,74,false,false,false,false,false,2
100000331,bobby.watson@acmecorp.com,6mo3w3d,204,false,false,false,false,false,2
100000332,paul.morgan@acmecorp.com,6mo6d,186,false,true,false,false,false,1
100000333,alexis.evans@acmecorp.com,8mo2w4d,258,false,false,false,false,false,2
100000334,joe.vasquez@acmecorp.com,4mo3w5d,146,true,false,true,false,true,3
100000335,elijah.lee@acmecorp.com,7mo1w1d,218,true,false,true,false,false,3
100000336,lauren.wells@acmecorp.com,7mo4w,238,false,false,false,false,false,2
100000337,paul.price@acmecorp.com,10mo2w1d,315,false,true,false,true,true,2
100000338,timothy.medina@acmecorp.com,3mo3d,93,false,true,true,false,false,3
100000339,kathleen.gray@acmecorp.com,6mo5d,185,false,false,false,false,false,2
100000340,emma.thompson@acmecorp.com,6mo3d,183,false,false,true,false,false,2
100000341,ryan.garcia@acmecorp.com,7mo3w,231,true,false,false,false,false,1
100000342,teresa.moore@acmecorp.com,7mo4w,238,false,true,true,true,true,4
100000343,victoria.hamilton@acmecorp.com,4mo1w6d,133,true,false,true,false,false,2
100000344,patricia.hayes@acmecorp.com,9mo,270,false,false,false,false,false,3
100000345,kathryn.bell@acmecorp.com,8mo3w4d,265,true,true,true,true,false,4
100000346,willie.parker@acmecorp.com,12mo3d,363,true,true,true,true,true,4
100000347,randy.lee@acmecorp.com,10mo4d,304,true,false,false,true,false,1
100000348,carol.marshall1@acmecorp.com,5mo1w4d,161,true,false,true,true,true,3
100000349,doris.jackson@acmecorp.com,4mo,120,true,true,false,false,true,2
100000350,paul.wood@acmecorp.com,7mo2w3d,227,false,false,false,true,true,3
100000351,elijah.sanchez@acmecorp.com,7mo4w1d,239,true,false,true,true,false,3
100000352,jacob.ramirez@acmecorp.com,4mo2d,122,false,false,false,false,false,2
100000353,stephen.watson@acmecorp.com,11mo1w5d,342,false,false,false,false,false,1
100000354,jacob.patel@acmecorp.com,1mo1w,37,false,false,false,false,true,2
100000355,alice.simmons@acmecorp.com,10mo3w,321,false,false,false,true,false,1
100000356,charles.tucker@acmecorp.com,10mo3w1d,322,false,true,true,false,true,1
100000357,willie.morris@acmecorp.com,10mo1w6d,313,false,false,false,false,false,1
100000358,rachel.burns@acmecorp.com,3mo2w3d,107,false,false,false,false,false,2
100000359,virginia.thompson@acmecorp.com,3mo3w6d,117,false,false,false,false,false,1
100000360,anna.olson@acmecorp.com,12mo1d,361,true,false,false,true,false,1
100000361,jordan.nelson@acmecorp.com,1mo3w5d,56,false,false,false,false,false,1
100000362,adam.hughes@acmecorp.com,3mo2w3d,107,true,false,false,false,false,1
100000363,jennifer.edwards@acmecorp.com,4mo1w,127,false,true,true,false,false,3
100000364,brittany.crawford@acmecorp.com,3mo1w2d,99,false,false,false,false,false,2
100000365,jeffrey.anderson@acmecorp.com,4mo3d,123,false,true,false,false,false,1
100000366,bradley.fernandez@acmecorp.com,5mo2w4d,168,false,false,false,true,true,3
100000367,carl.henderson@acmecorp.com,3mo3w3d,114,false,false,false,false,false,2
100000368,jacob.ortiz@acmecorp.com,11mo2w3d,347,false,false,false,false,true,2
100000369,kayla.vargas@acmecorp.com,1mo4d,34,true,true,true,true,true,4
100000370,alice.cruz@acmecorp.com,4mo1d,121,false,false,false,true,false,1
100000371,andrea.jenkins@acmecorp.com,8mo2w3d,257,false,false,false,false,false,3
100000372,debra.turner@acmecorp.com,3mo3w4d,115,false,true,true,false,true,3
100000373,andrea.moreno@acmecorp.com,4mo1w,127,false,false,false,false,false,2
100000374,betty.marshall@acmecorp.com,10mo2w3d,317,false,false,false,false,false,2
100000375,sophia.jones@acmecorp.com,11mo2w,344,false,false,true,true,true,2
100000376,ashley.ross@acmecorp.com,10mo2w3d,317,false,false,false,false,false,1
100000377,austin.mitchell@acmecorp.com,9mo,270,false,false,true,true,false,3
100000378,patrick.henderson@acmecorp.com,1mo2w3d,47,true,false,false,false,false,1
100000379,donna.ramirez@acmecorp.com,2mo3w5d,86,false,false,false,false,false,2
100000380,ethan.lopez@acmecorp.com,3mo3w1d,112,false,false,true,false,false,2
100000381,jeffrey.lee@acmecorp.com,8mo1w6d,253,false,false,false,false,false,1
100000382,joseph.alvarez@acmecorp.com,7mo3w,231,false,false,false,false,false,2
100000383,christina.fernandez@acmecorp.com,2mo6d,66,true,false,true,false,true,3
100000384,beverly.patel@acmecorp.com,2mo2w1d,75,false,false,false,false,false,2
100000385,ethan.brooks@acmecorp.com,4mo3w3d,144,false,false,false,false,false,2
100000386,jordan.olson@acmecorp.com,11mo6d,336,false,false,false,true,false,3
100000387,scott.freeman@acmecorp.com,6mo3w5d,206,false,false,false,false,true,3
100000388,samantha.white@acmecorp.com,7mo4w,238,false,false,false,false,false,1
100000389,sharon.foster@acmecorp.com,4mo4w,148,false,false,false,false,false,1
100000390,susan.ross@acmecorp.com,1mo3w1d,52,false,false,false,false,false,1
100000391,jennifer.owens@acmecorp.com,9mo2d,272,true,true,false,false,true,4
100000392,timothy.garcia@acmecorp.com,6mo2w2d,196,false,false,false,false,false,1
100000393,elizabeth.price@acmecorp.com,8mo4w,268,false,true,false,true,false,2
100000394,madison.myers@acmecorp.com,6mo2w1d,195,true,false,false,false,true,2
100000395,patricia.smith@acmecorp.com,1mo1w3d,40,false,false,true,false,true,2
100000396,billy.wells@acmecorp.com,10mo3w4d,325,false,false,false,false,false,1
100000397,deborah.wells@acmecorp.com,7mo1w,217,true,true,true,false,true,3
100000398,jacob.thomas@acmecorp.com,7mo4w,238,true,false,true,false,false,1
100000399,elijah.davis@acmecorp.com,8mo1w1d,248,false,false,true,false,false,2
100000400,brittany.gonzales@acmecorp.com,10mo5d,305,false,false,false,false,false,2
100000401,andrew.murphy@acmecorp.com,8mo3d,243,false,false,false,false,false,2
100000402,kathryn.fernandez@acmecorp.com,6mo4w1d,209,true,false,false,false,false,2
100000403,randy.torres@acmecorp.com,3mo3w2d,113,false,false,false,false,false,2
100000404,john.castillo@acmecorp.com,6mo4d,184,false,false,false,false,false,2
100000405,margaret.marshall@acmecorp.com,2mo,60,false,false,false,false,false,1
100000406,beverly.castro@acmecorp.com,2mo2d,62,false,false,false,false,false,2
100000407,charles.powell@acmecorp.com,2mo3d,63,false,false,false,true,false,1
100000408,stephanie.gibson@acmecorp.com,5mo1w,157,true,true,false,false,false,2
100000409,hannah.nelson@acmecorp.com,4mo6d,126,true,false,false,false,false,3
100000410,kathryn.ruiz@acmecorp.com,8mo1w6d,253,false,false,false,true,false,1
100000411,ronald.martinez@acmecorp.com,1mo1w5d,42,false,false,true,false,false,2
100000412,andrea.webb@acmecorp.com,5mo1w1d,158,false,false,false,false,true,1
100000413,brittany.woods@acmecorp.com,10mo2w1d,315,false,true,false,false,false,1
100000414,emma.clark@acmecorp.com,12mo3d,363,false,false,true,false,true,4
100000415,danielle.mitchell@acmecorp.com,3mo5d,95,false,false,false,false,false,2
100000416,sharon.kelly1@acmecorp.com,1mo1w1d,38,false,false,false,false,false,2
100000417,rebecca.ford@acmecorp.com,4mo2w2d,136,false,false,true,false,true,3
100000418,amanda.jackson@acmecorp.com,11mo1w4d,341,false,false,false,false,false,2
100000419,roger.bell@acmecorp.com,7mo3w4d,235,false,false,false,false,false,1
100000420,jerry.bennett@acmecorp.com,1mo2w6d,50,false,false,false,false,false,1
100000421,betty.nelson@acmecorp.com,6mo3w4d,205,false,false,false,false,false,1
100000422,nancy.moreno@acmecorp.com,8mo3w3d,264,false,false,false,false,false,1
100000423,kevin.harris@acmecorp.com,9mo5d,275,false,false,false,false,false,1
100000424,austin.reyes@acmecorp.com,2mo1w1d,68,true,false,true,false,false,3
100000425,carolyn.scott@acmecorp.com,10mo2w6d,320,false,false,false,false,false,1
100000426,victoria.davis@acmecorp.com,6mo,180,false,true,true,false,true,3
100000427,brian.hughes@acmecorp.com,8mo2w1d,255,true,false,true,false,true,2
100000428,john.hayes@acmecorp.com,3mo4w1d,119,true,false,true,true,true,4
100000429,jack.scott@acmecorp.com,3mo1w4d,101,false,false,false,false,false,1
100000430,emma.clark1@acmecorp.com,2mo5d,65,false,false,false,false,false,1
100000431,frank.olson@acmecorp.com,10mo5d,305,false,false,false,false,false,1
100000432,denise.henderson@acmecorp.com,4mo1w,127,false,true,true,true,true,3
100000433,jacqueline.lee@acmecorp.com,6mo2w1d,195,false,false,true,false,false,2
100000434,margaret.long@acmecorp.com,4mo1w3d,130,false,false,false,false,false,1
100000435,jonathan.crawford@acmecorp.com,6mo3w6d,207,false,false,false,false,false,1
100000436,catherine.castillo@acmecorp.com,2mo2d,62,true,false,true,false,true,3
100000437,carolyn.herrera@acmecorp.com,2mo6d,66,true,false,false,false,false,1
100000438,william.moreno@acmecorp.com,10mo,300,false,false,true,false,false,2
100000439,isabella.ramirez@acmecorp.com,7mo5d,215,false,false,false,false,false,1
100000440,christopher.gonzalez@acmecorp.com,4mo1d,121,false,false,true,false,false,2
100000441,cheryl.harris@acmecorp.com,11mo1w6d,343,true,false,true,true,true,3
100000442,jose.stevens@acmecorp.com,1mo2w,44,false,false,false,false,true,2
100000443,ruth.russell@acmecorp.com,11mo,330,false,false,true,false,true,1
100000444,wayne.garcia@acmecorp.com,2mo5d,65,false,false,false,false,false,2
100000445,bruce.ramos@acmecorp.com,8mo1w2d,249,false,false,false,false,false,1
100000446,dylan.myers@acmecorp.com,8mo2w,254,true,false,false,false,false,1
100000447,kathryn.cruz@acmecorp.com,8mo1w3d,250,false,false,false,false,false,1
100000448,benjamin.moreno@acmecorp.com,10mo3w4d,325,false,false,false,false,false,1
100000449,justin.parker@acmecorp.com,10mo2w2d,316,false,false,false,false,false,1
100000450,david.long@acmecorp.com,8mo1w2d,249,false,false,false,false,false,1
100000451,elijah.bell@acmecorp.com,5mo2w,164,false,false,false,false,false,2
100000452,randy.smith@acmecorp.com,8mo1w3d,250,false,true,true,false,true,4
100000453,brian.robinson@acmecorp.com,6mo3w4d,205,true,false,true,false,false,3
100000454,eugene.ross@acmecorp.com,8mo2w1d,255,false,false,false,false,false,2
100000455,ronald.cooper@acmecorp.com,2mo2w4d,78,false,false,false,false,false,1
100000456,susan.bennett@acmecorp.com,9mo3d,273,false,false,false,true,false,2
100000457,sara.miller@acmecorp.com,3mo2w1d,105,false,false,false,false,false,1
100000458,anthony.powell@acmecorp.com,5mo2w1d,165,true,false,false,false,false,1
100000459,stephen.roberts@acmecorp.com,7mo3w2d,233,false,false,false,false,false,2
100000460,jerry.robinson@acmecorp.com,5mo3w1d,172,true,false,false,false,true,1
100000461,elijah.mitchell@acmecorp.com,11mo,330,false,true,true,false,true,3
100000462,julia.hall@acmecorp.com,11mo3w5d,356,false,false,true,false,false,1
100000463,henry.simpson@acmecorp.com,9mo2w,284,false,false,false,false,false,1
100000464,marilyn.cox@acmecorp.com,3mo3w,111,false,true,true,true,false,3
100000465,brittany.adams@acmecorp.com,4mo2w2d,136,false,false,false,false,false,1
100000466,philip.martin@acmecorp.com,4mo2w5d,139,true,true,true,false,true,4
100000467,anthony.alvarez@acmecorp.com,6mo1w1d,188,true,true,true,false,true,3
100000468,christine.alexander@acmecorp.com,11mo1w,337,false,false,false,true,false,1
100000469,lauren.morales@acmecorp.com,3mo3w6d,117,false,false,true,false,false,4
100000470,rachel.west@acmecorp.com,2mo1w1d,68,false,true,false,true,true,4
100000471,tiffany.kim@acmecorp.com,2mo1w1d,68,false,false,false,false,true,3
100000472,philip.diaz@acmecorp.com,10mo3w5d,326,false,false,false,false,false,1
100000473,joseph.crawford@acmecorp.com,9mo6d,276,false,false,false,false,false,1
100000474,samantha.ortiz@acmecorp.com,1mo4d,34,false,false,false,false,true,2
100000475,emma.vasquez@acmecorp.com,12mo2d,362,false,false,false,false,false,1
100000476,alexander.chavez@acmecorp.com,3mo2w2d,106,false,false,false,false,false,1
100000477,madison.vasquez@acmecorp.com,11mo1w6d,343,false,false,false,false,true,2
100000478,janice.allen@acmecorp.com,1mo4d,34,false,false,false,false,true,2
100000479,willie.ford@acmecorp.com,3mo3w2d,113,false,false,false,false,false,1
100000480,paul.henderson@acmecorp.com,6mo1w4d,191,true,false,false,false,true,2
100000481,abigail.martin@acmecorp.com,11mo,330,false,true,false,false,false,1
100000482,isabella.ramos@acmecorp.com,10mo1w2d,309,false,false,false,false,false,2
100000483,michael.thompson@acmecorp.com,1mo3d,33,true,false,true,false,true,2
100000484,billy.moore@acmecorp.com,5mo3w1d,172,false,false,false,false,false,3
100000485,robert.campbell@acmecorp.com,9mo3w1d,292,true,false,false,true,true,3
100000486,matthew.ramos@acmecorp.com,2mo1w4d,71,false,false,false,true,true,2
100000487,donald.stevens@acmecorp.com,10mo1w6d,313,false,false,true,false,false,1
100000488,frank.woods@acmecorp.com,4mo3w5d,146,false,false,false,true,false,2
100000489,timothy.murray@acmecorp.com,6mo1w,187,false,false,true,false,false,1
100000490,angela.torres@acmecorp.com,1mo1w4d,41,false,false,false,false,false,2
100000491,roger.peterson@acmecorp.com,1mo3w4d,55,true,true,false,false,true,2
100000492,isabella.brooks@acmecorp.com,10mo3w2d,323,false,false,true,true,true,3
100000493,martha.ford@acmecorp.com,7mo3d,213,false,false,false,false,true,2
100000494,justin.thomas@acmecorp.com,5mo,150,false,false,true,false,true,3
100000495,doris.jordan@acmecorp.com,11mo,330,false,false,true,false,true,1
100000496,emma.morgan@acmecorp.com,7mo1w1d,218,false,false,false,false,false,2
100000497,judy.anderson@acmecorp.com,10mo4d,304,true,true,true,true,false,3
100000498,kayla.murray1@acmecorp.com,11mo3d,333,false,false,false,false,false,1
100000499,edward.bailey@acmecorp.com,5mo3w5d,176,true,false,true,false,false,1
100000500,patricia.webb@acmecorp.com,2mo3w5d,86,false,false,false,false,false,2
100000501,brittany.russell@acmecorp.com,8mo2w5d,259,true,false,false,false,false,3
100000502,william.porter@acmecorp.com,11mo1w3d,340,false,false,false,false,false,1
100000503,thomas.kelly@acmecorp.com,10mo5d,305,false,true,true,false,true,3
100000504,sara.castro@acmecorp.com,5mo3w5d,176,false,false,false,false,false,2
100000505,emma.wright@acmecorp.com,5mo2w2d,166,false,false,false,true,false,3
100000506,david.evans@acmecorp.com,6mo3w4d,205,false,false,true,false,true,2
100000507,diane.ramos@acmecorp.com,3mo2w1d,105,false,false,true,true,true,2
100000508,carol.jordan@acmecorp.com,8mo1w2d,249,false,false,false,false,false,2
100000509,maria.foster@acmecorp.com,2mo3w5d,86,false,false,false,false,false,1
100000510,lisa.murray@acmecorp.com,8mo2w4d,258,true,false,true,true,false,4
100000511,olivia.taylor@acmecorp.com,4mo4w,148,false,true,false,false,false,1
100000512,kathleen.edwards@acmecorp.com,3mo5d,95,false,true,false,false,false,3
100000513,benjamin.rivera@acmecorp.com,8mo1d,241,false,false,false,false,false,2
100000514,nancy.white@acmecorp.com,11mo6d,336,false,false,false,false,false,1
100000515,mark.phillips@acmecorp.com,11mo2w3d,347,true,true,true,false,false,2
100000516,carl.campbell@acmecorp.com,3mo3w3d,114,false,true,true,false,true,3
100000517,jeffrey.alexander@acmecorp.com,6mo,180,false,false,false,false,false,2
100000518,larry.cruz@acmecorp.com,1mo2w4d,48,false,false,false,false,false,1
100000519,emily.woods@acmecorp.com,7mo1w6d,223,false,false,false,false,false,1
100000520,jonathan.vasquez@acmecorp.com,3mo2w6d,110,false,false,false,false,false,2
100000521,justin.cooper@acmecorp.com,6mo2w4d,198,true,false,false,false,true,2
100000522,marilyn.ellis@acmecorp.com,7mo1w2d,219,false,false,false,false,true,2
100000523,mason.russell@acmecorp.com,9mo4w,298,false,false,false,false,false,1
100000524,joan.perry@acmecorp.com,7mo3w3d,234,false,false,false,false,false,2
100000525,gregory.smith@acmecorp.com,9mo2w1d,285,false,false,false,false,true,2
100000526,david.cox@acmecorp.com,7mo3w,231,false,false,false,true,true,2
100000527,isabella.owens@acmecorp.com,2mo1w6d,73,false,false,true,false,false,1
100000528,hannah.scott@acmecorp.com,10mo4d,304,false,false,false,false,false,2
100000529,charles.baker@acmecorp.com,8mo4d,244,true,true,false,false,false,3
100000530,christian.diaz@acmecorp.com,11mo3w5d,356,false,true,true,false,true,2
100000531,michelle.scott@acmecorp.com,2mo3w4d,85,false,false,false,false,false,2
100000532,gabriel.alvarez@acmecorp.com,12mo5d,365,false,false,false,false,false,2
100000533,janice.reynolds@acmecorp.com,2mo3d,63,false,false,false,false,false,2
100000534,christine.ward@acmecorp.com,7mo1w5d,222,false,false,false,false,false,2
100000535,mary.marshall@acmecorp.com,9mo1w2d,279,true,true,true,false,false,2
100000536,daniel.nguyen@acmecorp.com,5mo3w2d,173,true,false,true,false,false,3
100000537,victoria.campbell@acmecorp.com,1mo1d,31,true,false,false,false,false,1
100000538,nancy.bryant@acmecorp.com,6mo3w,201,true,false,false,false,false,2
100000539,brenda.coleman@acmecorp.com,4mo3w6d,147,false,false,false,true,false,1
100000540,julie.romero@acmecorp.com,10mo4d,304,false,false,false,false,false,1
100000541,kenneth.morgan@acmecorp.com,3mo2d,92,false,false,false,false,false,2
100000542,christine.collins@acmecorp.com,6mo3w6d,207,false,true,true,false,false,4
100000543,roger.morgan@acmecorp.com,4mo2w2d,136,false,false,false,false,false,2
100000544,katherine.gutierrez@acmecorp.com,8mo1w1d,248,false,false,true,false,false,1
100000545,christine.morales@acmecorp.com,4mo2w,134,true,false,false,false,true,2
100000546,christian.kelly@acmecorp.com,8mo1w6d,253,true,false,true,true,true,4
100000547,daniel.coleman@acmecorp.com,10mo2w4d,318,false,false,false,false,true,2
100000548,jessica.jones@acmecorp.com,9mo1w4d,281,false,false,false,false,false,1
100000549,roger.perez@acmecorp.com,3mo1w,97,true,false,false,false,false,2
100000550,deborah.miller@acmecorp.com,7mo,210,false,false,false,false,false,1
100000551,thomas.owens@acmecorp.com,7mo2w4d,228,false,false,false,false,false,1
100000552,jessica.mcdonald@acmecorp.com,7mo3d,213,false,true,false,false,true,3
100000553,matthew.myers@acmecorp.com,7mo4w,238,false,false,false,false,true,2
100000554,frank.patterson@acmecorp.com,8mo1w3d,250,true,false,true,false,false,2
100000555,lauren.castro@acmecorp.com,1mo2w5d,49,false,false,false,true,false,3
100000556,christian.hall@acmecorp.com,8mo1w6d,253,false,false,false,false,false,1
100000557,jennifer.alvarez@acmecorp.com,10mo1w4d,311,false,false,false,false,false,2
100000558,julia.foster@acmecorp.com,5mo1w5d,162,true,true,false,false,true,2
100000559,marilyn.sullivan@acmecorp.com,9mo2w2d,286,false,false,true,false,false,1
100000560,donald.taylor@acmecorp.com,11mo2w,344,false,false,true,false,false,3
100000561,timothy.brown@acmecorp.com,2mo3w6d,87,false,false,false,false,false,2
100000562,angela.carter@acmecorp.com,6mo2w4d,198,false,false,false,false,false,2
100000563,patricia.foster@acmecorp.com,3mo2w,104,true,false,true,true,false,4
100000564,denise.perez@acmecorp.com,10mo2w,314,false,false,false,false,false,2
100000565,lawrence.russell@acmecorp.com,7mo3d,213,false,false,true,false,false,1
100000566,matthew.vargas@acmecorp.com,7mo2w5d,229,false,true,false,false,false,1
100000567,david.lewis@acmecorp.com,5mo1w4d,161,false,false,false,false,false,1
100000568,isabella.aguilar@acmecorp.com,8mo3w1d,262,false,false,false,false,false,1
100000569,arthur.wright@acmecorp.com,1mo2w3d,47,false,false,false,false,true,1
100000570,gerald.kim@acmecorp.com,4mo4w,148,false,false,false,false,false,2
100000571,matthew.crawford@acmecorp.com,7mo3w3d,234,true,true,false,false,false,2
100000572,charles.smith@acmecorp.com,11mo1w,337,false,false,true,true,true,3
100000573,nathan.brown@acmecorp.com,2mo3d,63,false,false,true,false,true,2
100000574,susan.nguyen@acmecorp.com,11mo1w1d,338,false,false,false,false,false,1
100000575,kimberly.ford@acmecorp.com,8mo3w6d,267,true,true,true,true,true,3
100000576,elizabeth.gomez@acmecorp.com,2mo5d,65,true,false,false,false,false,2
100000577,lawrence.mcdonald@acmecorp.com,9mo6d,276,true,false,true,true,true,2
100000578,ethan.kim@acmecorp.com,3mo3w2d,113,false,false,false,false,false,2
100000579,joshua.white@acmecorp.com,8mo1d,241,false,false,false,false,false,1
100000580,rebecca.smith@acmecorp.com,4mo1w1d,128,false,false,false,false,false,1
100000581,mark.woods@acmecorp.com,3mo1d,91,true,false,false,false,false,1
100000582,justin.phillips@acmecorp.com,1mo6d,36,false,false,true,false,false,1
100000583,mason.cooper@acmecorp.com,10mo2w6d,320,true,true,true,false,true,4
100000584,pamela.white@acmecorp.com,3mo1d,91,false,false,false,false,false,1
100000585,dennis.kim@acmecorp.com,6mo2w6d,200,false,false,true,false,false,2
100000586,randy.porter@acmecorp.com,11mo2w1d,345,false,false,true,false,true,1
100000587,janice.gibson@acmecorp.com,7mo2w,224,false,false,false,false,false,1
100000588,frances.murray@acmecorp.com,10mo3w4d,325,false,false,false,true,false,3
100000589,brian.allen@acmecorp.com,8mo2w5d,259,false,false,true,true,true,2
100000590,dennis.coleman@acmecorp.com,3mo1w6d,103,false,false,true,false,true,1
100000591,logan.aguilar@acmecorp.com,10mo3d,303,false,false,true,true,true,3
100000592,ruth.stewart@acmecorp.com,1mo1w4d,41,true,true,true,true,true,4
100000593,catherine.scott@acmecorp.com,5mo3w6d,177,false,false,false,true,false,1
100000594,douglas.simmons@acmecorp.com,1mo1w1d,38,false,false,true,false,true,1
100000595,randy.powell1@acmecorp.com,10mo3w3d,324,true,true,true,true,true,3
100000596,robert.robinson@acmecorp.com,2mo2w1d,75,false,false,false,false,false,1
100000597,lauren.evans@acmecorp.com,4mo1w4d,131,false,false,false,false,false,2
100000598,arthur.mitchell@acmecorp.com,1mo1w,37,false,false,false,false,true,2
100000599,walter.collins@acmecorp.com,7mo1w6d,223,true,false,false,false,false,1
100000600,brittany.wallace@acmecorp.com,7mo6d,216,false,false,false,false,false,1
100000601,doris.gibson@acmecorp.com,5mo3d,153,true,false,false,false,true,1
100000602,grace.powell@acmecorp.com,6mo1w5d,192,false,false,false,false,false,1
100000603,john.hill@acmecorp.com,3mo2w5d,109,false,false,false,false,false,2
100000604,samuel.gomez@acmecorp.com,5mo3w3d,174,true,false,false,false,true,3
100000605,brenda.sanchez@acmecorp.com,4mo3w6d,147,true,true,false,true,true,3
100000606,carolyn.hunter@acmecorp.com,1mo4w,58,true,false,false,false,false,1
100000607,daniel.price@acmecorp.com,11mo,330,false,false,false,false,false,3
100000608,brittany.fernandez@acmecorp.com,4mo4w1d,149,true,true,true,true,true,3
100000609,frank.owens@acmecorp.com,7mo1w6d,223,false,false,false,true,true,2
100000610,nancy.wallace@acmecorp.com,5mo3w4d,175,false,false,false,false,false,2
100000611,brandon.williams@acmecorp.com,5mo3w6d,177,false,false,false,false,false,2
100000612,christian.fernandez@acmecorp.com,4mo2w1d,135,false,false,false,false,false,2
100000613,alan.nelson@acmecorp.com,7mo1w6d,223,true,true,false,false,false,3
100000614,kyle.sanders@acmecorp.com,11mo1w5d,342,true,false,false,true,true,2
100000615,russell.brooks@acmecorp.com,1mo4d,34,true,false,true,false,true,3
100000616,heather.chen@acmecorp.com,2mo3w,81,false,false,false,false,false,2
100000617,brian.thomas@acmecorp.com,8mo3w5d,266,false,false,false,false,true,1
100000618,dylan.garcia@acmecorp.com,11mo2w3d,347,false,false,false,false,false,1
100000619,russell.roberts@acmecorp.com,7mo3w,231,true,true,true,true,false,3
100000620,matthew.thomas@acmecorp.com,9mo1w2d,279,true,true,false,false,false,1
100000621,roy.campbell@acmecorp.com,6mo3d,183,false,true,true,true,true,3
100000622,michelle.marshall@acmecorp.com,7mo1w6d,223,false,true,true,false,false,2
100000623,charles.myers@acmecorp.com,1mo2w,44,true,true,false,false,false,2
100000624,jennifer.long@acmecorp.com,10mo2w3d,317,false,false,false,false,false,2
100000625,catherine.phillips@acmecorp.com,10mo1w4d,311,false,false,false,false,false,2
100000626,brenda.gray@acmecorp.com,10mo5d,305,false,false,false,false,false,2
100000627,nicole.ross1@acmecorp.com,7mo2w6d,230,false,false,true,false,true,2
100000628,michael.wilson@acmecorp.com,1mo3d,33,true,false,true,false,false,3
100000629,karen.russell@acmecorp.com,2mo2w2d,76,false,false,false,false,false,2
100000630,amy.lopez@acmecorp.com,7mo3w,231,false,true,true,true,true,4
100000631,carolyn.allen@acmecorp.com,3mo1w3d,100,false,false,true,false,false,2
100000632,ralph.turner@acmecorp.com,4mo2w3d,137,false,false,false,false,false,1
100000633,doris.edwards@acmecorp.com,9mo3w3d,294,false,false,false,false,false,2
100000634,willie.jimenez@acmecorp.com,7mo3w6d,237,true,false,false,false,false,1
100000635,john.alvarez@acmecorp.com,10mo2d,302,false,false,false,false,false,2
100000636,sandra.chavez@acmecorp.com,8mo2w4d,258,false,false,false,false,false,1
100000637,zachary.bryant@acmecorp.com,3mo5d,95,false,false,false,false,false,2
100000638,sharon.johnson@acmecorp.com,4mo3w,141,false,true,true,false,true,2
100000639,albert.vargas@acmecorp.com,9mo2d,272,false,false,false,false,false,2
100000640,joan.parker@acmecorp.com,10mo2w,314,false,false,false,false,false,2
100000641,amanda.butler@acmecorp.com,11mo3w4d,355,true,false,true,false,true,2
100000642,aaron.morgan@acmecorp.com,6mo6d,186,false,false,false,false,false,2
100000643,nicole.reed@acmecorp.com,3mo4w,118,true,false,false,false,false,1
100000644,megan.hall@acmecorp.com,2mo3w6d,87,false,false,true,false,false,2
100000645,gary.ramos@acmecorp.com,10mo3w1d,322,false,true,true,true,true,3
100000646,christine.richardson@acmecorp.com,6mo4w,208,false,false,false,false,false,1
100000647,judy.richardson@acmecorp.com,12mo5d,365,false,false,true,false,false,1
100000648,tiffany.rogers@acmecorp.com,5mo1w4d,161,false,true,false,false,false,2
100000649,emma.lee@acmecorp.com,11mo2w6d,350,true,false,false,false,false,3
100000650,amber.moreno@acmecorp.com,11mo2w6d,350,true,false,true,true,true,3
100000651,helen.bennett1@acmecorp.com,9mo4w,298,false,false,false,false,false,2
100000652,maria.gibson@acmecorp.com,7mo2w6d,230,false,false,true,false,true,3
100000653,jennifer.hamilton@acmecorp.com,2mo1w4d,71,true,false,true,false,false,3
100000654,stephanie.romero@acmecorp.com,9mo2w5d,289,false,false,false,true,false,2
100000655,larry.watson@acmecorp.com,5mo1w3d,160,false,false,false,false,false,2
100000656,vincent.gonzalez@acmecorp.com,11mo4w,358,false,true,true,false,false,3
100000657,virginia.coleman@acmecorp.com,2mo4d,64,true,false,true,false,false,3
100000658,harold.bennett@acmecorp.com,4mo2w2d,136,false,false,false,false,false,2
100000659,carol.ramos@acmecorp.com,3mo2w2d,106,false,false,false,false,false,2
100000660,samuel.rogers@acmecorp.com,6mo3d,183,false,false,false,false,false,2
100000661,christopher.peterson@acmecorp.com,11mo2w3d,347,false,false,false,false,false,2
100000662,gabriel.reed@acmecorp.com,5mo5d,155,false,false,false,false,false,1
100000663,anna.nelson@acmecorp.com,12mo5d,365,false,false,false,false,false,1
100000664,debra.vasquez@acmecorp.com,8mo1w6d,253,false,false,false,false,false,2
100000665,carolyn.hayes@acmecorp.com,1mo2w,44,false,false,false,false,false,2
100000666,kevin.torres@acmecorp.com,8mo3d,243,false,false,false,false,false,1
100000667,margaret.turner@acmecorp.com,11mo4w,358,true,true,true,false,true,4
100000668,nicholas.anderson@acmecorp.com,3mo3w3d,114,false,false,false,false,true,3
100000669,brenda.powell@acmecorp.com,6mo1w6d,193,true,true,true,false,true,2
100000670,bradley.moreno@acmecorp.com,1mo3w4d,55,false,false,true,false,false,3
100000671,brandon.moore@acmecorp.com,10mo1w3d,310,false,false,true,false,false,2
100000672,ethan.kim1@acmecorp.com,7mo6d,216,false,false,false,false,false,2
100000673,george.collins@acmecorp.com,2mo3w5d,86,false,false,false,false,false,2
100000674,teresa.thompson1@acmecorp.com,4mo2w2d,136,true,true,false,false,true,3
100000675,nicholas.ortiz@acmecorp.com,6mo,180,false,false,false,false,true,3
100000676,russell.watson@acmecorp.com,2mo2w1d,75,false,false,false,false,false,2
100000677,deborah.mendoza@acmecorp.com,9mo1w,277,false,false,false,false,false,1
100000678,jeremy.evans@acmecorp.com,2mo2w4d,78,false,false,false,false,true,1
100000679,rebecca.aguilar@acmecorp.com,4mo3w2d,143,false,false,false,false,false,1
100000680,logan.sullivan@acmecorp.com,3mo2w2d,106,false,false,true,false,true,2
100000681,dorothy.thomas@acmecorp.com,9mo,270,false,false,false,false,false,1
100000682,eric.cooper@acmecorp.com,4mo4d,124,false,false,true,false,true,2
100000683,emma.coleman@acmecorp.com,9mo3w1d,292,false,true,true,false,false,2
100000684,gregory.price@acmecorp.com,10mo5d,305,false,true,false,false,false,2
100000685,gerald.garcia@acmecorp.com,11mo1w1d,338,false,false,false,true,false,1
100000686,megan.vasquez@acmecorp.com,9mo2w3d,287,false,false,false,false,false,1
100000687,patricia.peterson@acmecorp.com,6mo2d,182,true,false,false,false,false,1
100000688,joe.butler@acmecorp.com,6mo1w6d,193,false,false,false,true,false,1
100000689,bruce.richardson@acmecorp.com,9mo2d,272,false,true,true,false,true,2
100000690,nicole.parker@acmecorp.com,2mo2w,74,false,false,false,false,false,1
100000691,robert.stevens@acmecorp.com,6mo4w1d,209,false,false,false,false,false,1
100000692,ralph.stevens@acmecorp.com,5mo2w5d,169,false,false,false,false,false,1
100000693,james.torres@acmecorp.com,2mo3w4d,85,false,false,false,false,true,2
100000694,jose.cox@acmecorp.com,5mo,150,true,false,true,true,false,2
100000695,patricia.coleman@acmecorp.com,2mo1w1d,68,true,false,true,false,true,3
100000696,lori.collins@acmecorp.com,9mo3w2d,293,false,false,true,false,true,3
100000697,samantha.ruiz@acmecorp.com,2mo3w3d,84,false,false,false,false,false,1
100000698,christian.jimenez@acmecorp.com,10mo1w5d,312,true,true,true,true,false,3
100000699,amanda.owens@acmecorp.com,5mo3w2d,173,true,false,false,false,false,3
100000700,donald.harrison@acmecorp.com,2mo3d,63,true,false,false,false,false,1
100000701,dorothy.washington@acmecorp.com,4mo3w,141,false,false,true,false,false,1
100000702,tyler.vargas@acmecorp.com,5mo2d,152,false,false,false,false,false,2
100000703,nicholas.chen@acmecorp.com,5mo1w6d,163,false,false,false,false,false,2
100000704,raymond.aguilar@acmecorp.com,1mo2d,32,false,false,true,false,false,2
100000705,larry.guzman@acmecorp.com,4mo4d,124,true,false,false,false,false,3
100000706,hannah.lee@acmecorp.com,3mo,90,true,false,true,false,false,2
100000707,emma.smith@acmecorp.com,10mo2d,302,false,false,false,false,false,2
100000708,pamela.hamilton@acmecorp.com,8mo3w5d,266,false,false,false,false,false,1
100000709,anna.barnes@acmecorp.com,1mo2w1d,45,false,false,true,false,true,3
100000710,george.wright@acmecorp.com,10mo1w2d,309,false,false,false,false,false,1
100000711,ruth.hamilton@acmecorp.com,6mo3w4d,205,false,false,false,false,false,2
100000712,nicholas.washington@acmecorp.com,2mo6d,66,false,false,false,false,false,2
100000713,gloria.morgan@acmecorp.com,3mo3w6d,117,false,false,true,false,true,3
100000714,harold.graham@acmecorp.com,4mo5d,125,false,false,false,false,false,1
100000715,olivia.fisher@acmecorp.com,11mo3w1d,352,true,false,true,false,false,2
100000716,alexis.martinez1@acmecorp.com,11mo2w2d,346,true,false,false,false,false,1
100000717,jeffrey.henderson@acmecorp.com,7mo3w5d,236,false,true,true,true,false,3
100000718,kevin.sanchez@acmecorp.com,9mo1d,271,false,false,false,false,false,3
100000719,jeffrey.cole@acmecorp.com,10mo2w3d,317,false,false,false,false,false,2
100000720,christina.baker@acmecorp.com,4mo2w,134,false,false,false,false,false,2
100000721,julia.nguyen@acmecorp.com,2mo1d,61,false,false,false,false,false,2
100000722,nicole.reynolds@acmecorp.com,11mo2d,332,false,false,false,false,false,1
100000723,nicholas.jackson@acmecorp.com,7mo2w4d,228,false,false,false,false,true,1
100000724,dorothy.tran@acmecorp.com,1mo2w2d,46,false,false,false,false,false,1
100000725,lauren.porter@acmecorp.com,7mo2w6d,230,false,false,false,false,false,2
100000726,nicole.diaz@acmecorp.com,9mo2w3d,287,false,false,true,false,false,1
100000727,david.brown@acmecorp.com,11mo1w,337,true,false,false,false,true,1
100000728,carl.cook@acmecorp.com,4mo2w3d,137,false,false,true,false,true,3
100000729,andrew.west@acmecorp.com,2mo2w6d,80,true,false,false,false,false,3
100000730,richard.olson@acmecorp.com,6mo,180,false,false,false,false,false,1
100000731,alexander.russell@acmecorp.com,1mo2w2d,46,false,false,false,false,false,1
100000732,gerald.miller@acmecorp.com,1mo3w6d,57,false,false,false,false,false,1
100000733,jason.ruiz@acmecorp.com,6mo3w2d,203,false,true,true,false,true,2
100000734,robert.morales@acmecorp.com,10mo1w6d,313,false,false,true,false,false,3
100000735,joseph.coleman@acmecorp.com,3mo3w5d,116,false,false,false,false,false,2
100000736,betty.wells@acmecorp.com,11mo2w5d,349,false,false,false,false,false,1
100000737,catherine.howard@acmecorp.com,10mo3w3d,324,false,false,false,true,false,1
100000738,donna.castro@acmecorp.com,3mo4w1d,119,false,false,false,false,false,1
100000739,melissa.murray@acmecorp.com,7mo1w2d,219,false,false,false,false,false,2
100000740,wayne.fisher@acmecorp.com,6mo1w,187,false,true,false,true,true,3
100000741,logan.kim@acmecorp.com,2mo1d,61,false,false,true,false,false,1
100000742,helen.hall@acmecorp.com,2mo4d,64,false,false,true,false,true,3
100000743,judy.powell@acmecorp.com,5mo3w,171,true,false,false,true,false,3
100000744,megan.graham@acmecorp.com,1mo1w,37,true,false,true,true,true,4
100000745,cheryl.roberts@acmecorp.com,11mo2w1d,345,true,false,true,true,true,2
100000746,sara.graham@acmecorp.com,7mo1w,217,false,false,true,false,false,2
100000747,betty.jones@acmecorp.com,4mo4w,148,false,false,false,true,false,1
100000748,doris.diaz@acmecorp.com,9mo6d,276,false,true,false,false,true,3
100000749,willie.bailey@acmecorp.com,6mo1w,187,false,false,false,false,false,2
100000750,brian.alexander@acmecorp.com,4mo2w5d,139,false,false,true,false,false,1
100000751,dennis.jimenez@acmecorp.com,1mo3w1d,52,true,false,false,false,true,2
100000752,judith.bailey@acmecorp.com,6mo3w4d,205,false,false,true,false,true,3
100000753,kayla.harrison@acmecorp.com,4mo3w3d,144,true,false,false,false,false,3
100000754,amanda.kelly@acmecorp.com,1mo1w,37,false,false,false,true,false,2
100000755,barbara.morgan@acmecorp.com,7mo4d,214,true,false,true,false,true,2
100000756,sophia.wells@acmecorp.com,9mo1w,277,false,false,false,false,false,1
100000757,alice.hall@acmecorp.com,5mo1w2d,159,false,false,true,false,false,2
100000758,gregory.cole1@acmecorp.com,12mo3d,363,false,false,false,true,false,1
100000759,joshua.gray@acmecorp.com,12mo,360,false,false,false,false,true,2
100000760,karen.wells@acmecorp.com,9mo2w2d,286,false,false,false,false,false,1
100000761,brittany.jimenez@acmecorp.com,4mo3w,141,false,false,true,true,false,2
100000762,nancy.green@acmecorp.com,4mo1d,121,false,false,false,false,false,2
100000763,paul.hernandez@acmecorp.com,6mo1w3d,190,false,false,false,false,false,2
100000764,amanda.clark@acmecorp.com,3mo1w6d,103,false,false,true,false,false,1
100000765,lori.kennedy@acmecorp.com,2mo4w1d,89,false,false,false,false,false,2
100000766,gregory.burns@acmecorp.com,10mo1w2d,309,false,false,false,false,true,2
100000767,elijah.gonzalez@acmecorp.com,5mo3w,171,true,false,true,true,false,3
100000768,judith.king@acmecorp.com,3mo1w3d,100,false,false,false,false,false,1
100000769,joseph.cooper@acmecorp.com,2mo1w4d,71,true,false,true,false,true,2
100000770,nicholas.moore@acmecorp.com,6mo1w5d,192,false,false,false,false,false,2
100000771,joan.taylor@acmecorp.com,1mo3w4d,55,false,false,false,false,false,2
100000772,teresa.campbell@acmecorp.com,8mo3d,243,true,true,true,true,false,4
100000773,emily.phillips@acmecorp.com,11mo3w2d,353,false,false,false,false,false,2
100000774,helen.hamilton@acmecorp.com,9mo2w,284,true,false,false,false,false,2
100000775,cynthia.webb@acmecorp.com,5mo6d,156,true,true,false,false,true,3
100000776,maria.gibson1@acmecorp.com,6mo2w4d,198,false,false,true,false,false,1
100000777,kathleen.alvarez@acmecorp.com,9mo3w5d,296,false,true,false,false,false,2
100000778,christopher.baker@acmecorp.com,3mo1w4d,101,false,false,false,false,false,1
100000779,alexis.fernandez@acmecorp.com,4mo4w1d,149,false,false,false,false,true,2
100000780,margaret.patel@acmecorp.com,6mo1w2d,189,true,false,false,false,false,1
100000781,roger.bennett@acmecorp.com,1mo2w5d,49,false,false,false,false,false,1
100000782,julia.wright@acmecorp.com,11mo2w6d,350,true,true,true,false,true,3
100000783,billy.marshall@acmecorp.com,2mo3w2d,83,false,false,false,false,false,2
100000784,charles.tucker1@acmecorp.com,4mo2w,134,false,false,true,false,true,2
100000785,thomas.flores@acmecorp.com,7mo1w6d,223,true,false,false,false,false,1
100000786,ronald.gray@acmecorp.com,10mo5d,305,true,false,false,false,false,2
100000787,rachel.thomas@acmecorp.com,7mo2w4d,228,false,false,true,true,false,2
100000788,michael.russell@acmecorp.com,5mo1w2d,159,false,false,false,false,false,1
100000789,juan.wood@acmecorp.com,10mo1d,301,false,false,false,false,false,2
100000790,grace.vasquez@acmecorp.com,11mo3w,351,true,false,false,false,false,2
100000791,frank.miller@acmecorp.com,11mo3w1d,352,true,false,true,false,true,2
100000792,michelle.fisher@acmecorp.com,1mo1w6d,43,false,false,true,false,false,2
100000793,martha.smith@acmecorp.com,8mo2w6d,260,false,false,false,false,false,2
100000794,paul.hunter@acmecorp.com,4mo6d,126,false,false,true,false,false,2
100000795,randy.castro@acmecorp.com,5mo3w1d,172,false,false,false,false,false,1
100000796,albert.walker@acmecorp.com,2mo1w6d,73,false,false,false,false,false,1
100000797,timothy.fisher@acmecorp.com,10mo2w6d,320,false,false,false,false,false,2
100000798,juan.murphy@acmecorp.com,4mo1w2d,129,false,false,false,false,false,2
100000799,stephen.sullivan@acmecorp.com,4mo2w3d,137,true,false,true,false,false,1
100000800,albert.davis@acmecorp.com,6mo2w,194,false,true,false,false,false,2
100000801,tyler.scott@acmecorp.com,11mo1w5d,342,true,false,false,true,false,2
100000802,sharon.phillips@acmecorp.com,1mo3w4d,55,false,false,false,false,false,1
100000803,kyle.tran@acmecorp.com,10mo1w5d,312,false,true,true,false,true,2
100000804,willie.adams@acmecorp.com,3mo1w4d,101,false,false,false,true,false,1
100000805,lisa.carter@acmecorp.com,6mo1w6d,193,false,false,false,false,false,2
100000806,donald.ross@acmecorp.com,4mo3w3d,144,false,false,true,false,false,1
100000807,walter.marshall@acmecorp.com,4mo3w4d,145,true,false,false,false,false,2
100000808,laura.olson@acmecorp.com,10mo2w4d,318,false,false,true,false,false,2
100000809,thomas.mendoza@acmecorp.com,10mo2w3d,317,false,false,false,true,false,1
100000810,deborah.romero@acmecorp.com,7mo3w3d,234,false,false,false,true,false,3
100000811,christina.lopez@acmecorp.com,6mo2w2d,196,false,false,true,false,false,1
100000812,benjamin.cruz@acmecorp.com,7mo1d,211,false,false,false,false,false,2
100000813,katherine.brown@acmecorp.com,10mo2w3d,317,false,false,false,false,false,1
100000814,barbara.sanders@acmecorp.com,10mo2w5d,319,false,false,false,false,false,2
100000815,victoria.bailey@acmecorp.com,11mo2d,332,false,false,false,false,false,1
100000816,vincent.cox@acmecorp.com,6mo5d,185,false,false,true,false,false,1
100000817,jack.williams@acmecorp.com,6mo6d,186,false,false,true,false,false,1
100000818,sean.gonzalez@acmecorp.com,10mo1w6d,313,false,false,true,false,true,3
100000819,bruce.ramos1@acmecorp.com,3mo1w5d,102,true,false,false,true,false,3
100000820,nancy.thomas@acmecorp.com,1mo2w6d,50,false,false,false,false,false,2
100000821,jose.collins@acmecorp.com,6mo1w6d,193,true,false,true,true,true,4
100000822,ashley.patterson@acmecorp.com,8mo1w1d,248,false,false,false,false,false,2
100000823,kelly.martin@acmecorp.com,10mo1d,301,false,false,false,false,false,1
100000824,scott.murphy@acmecorp.com,4mo4w1d,149,false,false,false,false,false,1
100000825,bobby.smith@acmecorp.com,4mo2w4d,138,false,false,false,false,false,3
100000826,judith.wright@acmecorp.com,3mo3w1d,112,false,false,false,false,false,2
100000827,logan.alvarez@acmecorp.com,2mo3d,63,false,false,true,true,true,2
100000828,christina.castro@acmecorp.com,8mo3w2d,263,false,false,false,false,false,1
100000829,walter.mitchell@acmecorp.com,9mo1w1d,278,false,false,true,false,false,2
100000830,samuel.anderson@acmecorp.com,11mo,330,false,true,false,false,false,2
100000831,ronald.sanders@acmecorp.com,2mo2w,74,true,false,false,false,true,2
100000832,jason.green@acmecorp.com,4mo4w1d,149,true,false,true,false,false,2
100000833,russell.henderson@acmecorp.com,3mo4w,118,false,true,true,false,false,2
100000834,joe.moore@acmecorp.com,7mo2w,224,true,false,false,true,false,3
100000835,lisa.powell@acmecorp.com,5mo1w1d,158,true,false,true,true,false,2
100000836,nancy.patterson@acmecorp.com,1mo3w4d,55,false,false,true,false,true,2
100000837,patricia.ramirez@acmecorp.com,2mo4w,88,false,false,false,false,false,1
100000838,stephen.watson1@acmecorp.com,8mo1w5d,252,false,false,true,false,false,2
100000839,vincent.alvarez@acmecorp.com,11mo1w4d,341,true,true,true,false,false,3
100000840,zachary.henderson@acmecorp.com,5mo2w5d,169,true,false,true,false,false,1
100000841,randy.patel1@acmecorp.com,9mo1w,277,false,true,false,false,false,4
100000842,laura.gibson@acmecorp.com,9mo3w4d,295,false,false,true,false,false,1
100000843,jonathan.russell@acmecorp.com,1mo2w1d,45,false,false,false,false,false,2
100000844,ryan.taylor@acmecorp.com,1mo1w2d,39,false,false,true,false,false,2
100000845,ralph.walker@acmecorp.com,5mo1d,151,true,false,false,false,false,3
100000846,dennis.hunter@acmecorp.com,12mo,360,false,false,false,false,false,1
100000847,kathryn.hayes@acmecorp.com,4mo3w4d,145,false,false,true,false,false,2
100000848,scott.bailey@acmecorp.com,5mo2d,152,false,false,false,true,false,2
100000849,joan.mcdonald@acmecorp.com,3mo1w,97,true,false,true,true,false,2
100000850,patrick.clark@acmecorp.com,12mo5d,365,true,false,false,false,true,2
100000851,steven.harrison@acmecorp.com,3mo2w,104,true,true,true,true,false,3
100000852,denise.anderson@acmecorp.com,7mo3d,213,true,true,true,false,false,2
100000853,jessica.guzman@acmecorp.com,1mo5d,35,false,false,false,false,false,2
100000854,lawrence.gray@acmecorp.com,2mo1w5d,72,false,false,false,true,true,2
100000855,justin.kelly@acmecorp.com,5mo5d,155,false,false,false,false,true,2
100000856,olivia.parker@acmecorp.com,6mo3w2d,203,false,false,true,true,true,4
100000857,justin.rogers@acmecorp.com,9mo3w1d,292,false,false,false,false,false,2
100000858,megan.marshall@acmecorp.com,7mo3w2d,233,true,false,false,false,false,1
100000859,jeremy.porter@acmecorp.com,2mo3w3d,84,true,false,false,false,false,1
100000860,helen.patel@acmecorp.com,10mo3w2d,323,false,false,false,false,false,1
100000861,debra.richardson@acmecorp.com,1mo1w4d,41,false,false,false,false,true,3
100000862,eugene.myers@acmecorp.com,7mo2w3d,227,false,false,true,false,false,1
100000863,roy.rivera@acmecorp.com,4mo3w,141,false,true,true,true,true,3
100000864,alan.foster@acmecorp.com,11mo3w3d,354,false,false,true,false,false,2
100000865,doris.moreno@acmecorp.com,10mo3w5d,326,false,false,false,false,false,2
100000866,jacob.simpson@acmecorp.com,10mo2w4d,318,false,true,false,false,false,2
100000867,deborah.powell@acmecorp.com,8mo3w1d,262,false,false,false,false,true,2
100000868,sarah.rogers@acmecorp.com,10mo3w1d,322,true,false,false,false,true,3
100000869,gabriel.reynolds@acmecorp.com,6mo1w3d,190,false,false,false,false,true,4
100000870,janice.ross@acmecorp.com,6mo3w5d,206,true,false,false,false,true,3
100000871,ruth.reed@acmecorp.com,6mo2w3d,197,false,false,true,false,true,3
100000872,benjamin.woods@acmecorp.com,6mo1w1d,188,false,false,true,false,false,2
100000873,debra.morales@acmecorp.com,9mo3w2d,293,true,false,false,false,false,2
100000874,justin.ross@acmecorp.com,1mo2w,44,false,false,false,false,false,3
100000875,joan.stewart@acmecorp.com,4mo6d,126,false,false,false,false,false,1
100000876,gary.jordan@acmecorp.com,2mo2w,74,true,false,true,false,false,1
100000877,stephen.kim@acmecorp.com,11mo6d,336,false,false,false,false,false,1
100000878,julia.romero@acmecorp.com,8mo2w6d,260,false,false,false,false,false,2
100000879,emily.campbell@acmecorp.com,8mo1w3d,250,false,false,false,true,false,3
100000880,ann.gray@acmecorp.com,8mo2w4d,258,false,false,true,false,false,3
100000881,gary.barnes@acmecorp.com,9mo2w6d,290,true,false,true,true,true,3
100000882,steven.lopez@acmecorp.com,2mo3w,81,false,false,false,false,false,1
100000883,heather.romero@acmecorp.com,5mo4d,154,false,false,false,false,false,2
100000884,cheryl.price@acmecorp.com,1mo6d,36,false,false,false,false,false,1
100000885,kenneth.henderson@acmecorp.com,3mo1w5d,102,false,false,false,false,false,1
100000886,russell.guzman@acmecorp.com,9mo,270,true,false,false,true,false,2
100000887,amanda.jimenez@acmecorp.com,2mo4w,88,false,false,false,false,false,2
100000888,lawrence.sanders@acmecorp.com,8mo2d,242,false,false,false,true,false,1
100000889,angela.aguilar@acmecorp.com,8mo2w4d,258,false,true,false,true,false,2
100000890,douglas.marshall@acmecorp.com,11mo1w,337,false,false,false,false,false,1
100000891,grace.stewart@acmecorp.com,2mo2w,74,false,false,false,true,true,1
100000892,charles.stewart@acmecorp.com,10mo6d,306,false,true,true,false,true,3
100000893,janice.hughes@acmecorp.com,6mo3w4d,205,false,false,true,false,false,1
100000894,diane.ford@acmecorp.com,3mo1w3d,100,true,false,false,false,false,3
100000895,patrick.murray@acmecorp.com,7mo2w5d,229,false,false,false,false,false,2
100000896,andrea.tran@acmecorp.com,11mo1w1d,338,true,false,false,false,true,2
100000897,jose.bennett@acmecorp.com,7mo1w5d,222,true,true,false,false,false,3
100000898,daniel.bennett@acmecorp.com,3mo5d,95,false,false,false,false,false,1
100000899,sharon.vasquez@acmecorp.com,10mo2d,302,true,false,true,false,false,3
100000900,sean.sanders@acmecorp.com,5mo1w6d,163,true,false,true,true,false,3
100000901,samuel.hill@acmecorp.com,4mo,120,true,false,true,false,true,2
100000902,tyler.hill@acmecorp.com,8mo3w3d,264,false,true,false,false,false,2
100000903,jason.evans@acmecorp.com,2mo,60,false,false,false,false,false,1
100000904,joe.white@acmecorp.com,2mo1w4d,71,false,false,false,false,false,1
100000905,philip.morris@acmecorp.com,6mo4d,184,true,false,false,false,true,2
100000906,jacob.henry@acmecorp.com,1mo2w3d,47,false,false,true,false,false,1
100000907,wayne.ortiz@acmecorp.com,10mo1w1d,308,false,false,false,false,false,1
100000908,dennis.allen@acmecorp.com,8mo3w4d,265,false,false,false,false,false,1
100000909,russell.alexander@acmecorp.com,1mo2w2d,46,false,false,false,false,false,2
100000910,jeffrey.turner@acmecorp.com,6mo3w5d,206,false,false,false,true,false,3
100000911,jessica.woods@acmecorp.com,9mo2w2d,286,false,false,false,false,false,2
100000912,alexis.stewart@acmecorp.com,5mo6d,156,false,true,true,false,true,3
100000913,katherine.ortiz@acmecorp.com,9mo2w3d,287,true,false,true,false,false,2
100000914,larry.phillips@acmecorp.com,4mo,120,false,false,false,false,false,1
100000915,ralph.reynolds@acmecorp.com,1mo3w4d,55,false,false,false,false,false,1
100000916,katherine.williams@acmecorp.com,1mo3w4d,55,true,true,true,false,true,3
100000917,benjamin.jackson@acmecorp.com,10mo2w6d,320,false,false,true,false,false,1
100000918,edward.richardson@acmecorp.com,7mo3w4d,235,false,false,false,false,true,1
100000919,richard.gutierrez@acmecorp.com,1mo3w6d,57,true,false,true,true,true,2
100000920,gregory.rivera@acmecorp.com,2mo2w,74,false,false,false,false,false,1
100000921,mary.howard@acmecorp.com,7mo1w6d,223,false,false,true,false,false,2
100000922,joe.morris@acmecorp.com,3mo1w5d,102,false,false,false,false,false,1
100000923,dennis.barnes@acmecorp.com,3mo1d,91,true,true,false,false,false,2
100000924,brittany.williams@acmecorp.com,9mo2w1d,285,false,false,true,false,false,1
100000925,sophia.hill@acmecorp.com,1mo3w2d,53,true,true,false,false,true,3
100000926,jacob.evans@acmecorp.com,4mo4w,148,false,false,false,true,false,2
100000927,sarah.ross@acmecorp.com,1mo2d,32,false,false,false,false,false,1
100000928,philip.hamilton@acmecorp.com,1mo2w5d,49,false,false,true,false,true,3
100000929,doris.parker@acmecorp.com,4mo3w5d,146,false,false,true,false,false,2
100000930,brittany.peterson@acmecorp.com,8mo3w1d,262,true,false,true,false,true,3
100000931,austin.richardson@acmecorp.com,10mo2w,314,false,false,true,true,false,2
100000932,brittany.alexander@acmecorp.com,7mo,210,true,false,false,false,false,2
100000933,jason.bell@acmecorp.com,2mo1w1d,68,false,false,false,false,false,1
100000934,lori.adams@acmecorp.com,3mo,90,false,false,false,false,true,3
100000935,margaret.lopez@acmecorp.com,5mo6d,156,false,false,false,false,false,2
100000936,jeffrey.olson@acmecorp.com,11mo2w1d,345,true,false,true,true,true,4
100000937,dylan.campbell@acmecorp.com,1mo1w1d,38,false,false,false,false,false,2
100000938,daniel.flores@acmecorp.com,6mo4w,208,false,false,false,false,false,2
100000939,lori.jenkins@acmecorp.com,3mo3w4d,115,true,true,false,false,false,2
100000940,christina.james@acmecorp.com,1mo3w3d,54,false,false,false,false,false,2
100000941,jeffrey.lee1@acmecorp.com,1mo1w4d,41,false,false,true,false,false,2
100000942,jerry.olson@acmecorp.com,10mo2w5d,319,true,false,true,false,false,2
100000943,lauren.stewart@acmecorp.com,11mo1w5d,342,false,false,false,false,false,2
100000944,dylan.richardson@acmecorp.com,11mo3w3d,354,false,false,false,false,false,1
100000945,carol.gomez@acmecorp.com,4mo2w1d,135,false,false,false,false,true,1
100000946,sophia.fernandez@acmecorp.com,6mo1w2d,189,false,false,false,false,false,1
100000947,jerry.chen@acmecorp.com,4mo1w,127,true,false,true,false,false,2
100000948,megan.foster@acmecorp.com,11mo1w1d,338,false,false,false,false,false,1
100000949,steven.lopez1@acmecorp.com,9mo1w4d,281,false,true,false,false,false,2
100000950,debra.green@acmecorp.com,10mo1d,301,true,false,false,false,false,2
100000951,timothy.garcia1@acmecorp.com,7mo4w,238,false,false,false,false,false,2
100000952,marilyn.vasquez@acmecorp.com,11mo1w2d,339,true,true,false,false,true,3
100000953,debra.olson@acmecorp.com,10mo5d,305,false,false,false,false,true,3
100000954,donna.wood@acmecorp.com,4mo1w3d,130,false,false,true,true,false,3
100000955,joseph.diaz@acmecorp.com,2mo6d,66,true,false,false,false,false,2
100000956,gabriel.brooks@acmecorp.com,7mo1w5d,222,false,false,false,false,false,1
100000957,wayne.marshall@acmecorp.com,10mo1w6d,313,false,false,false,false,false,1
100000958,joyce.murray@acmecorp.com,8mo2w2d,256,false,false,false,false,false,2
100000959,philip.green@acmecorp.com,11mo4w1d,359,false,false,false,true,false,3
100000960,louise.cook@acmecorp.com,6mo4w,208,false,false,true,true,false,3
100000961,john.webb@acmecorp.com,10mo4w,328,false,true,false,true,false,2
100000962,janet.wallace@acmecorp.com,5mo5d,155,false,false,false,false,true,2
100000963,john.hernandez@acmecorp.com,3mo2w3d,107,true,false,true,true,true,3
100000964,bryan.reed@acmecorp.com,2mo1w5d,72,true,true,false,true,false,2
100000965,john.hill1@acmecorp.com,9mo1d,271,false,false,false,false,false,2
100000966,jason.burns@acmecorp.com,10mo2d,302,true,true,true,false,true,4
100000967,aaron.jordan@acmecorp.com,2mo4w,88,false,false,false,false,false,3
100000968,megan.lewis@acmecorp.com,6mo5d,185,false,true,false,false,false,4
100000969,rebecca.kim@acmecorp.com,9mo2w2d,286,false,false,false,false,false,3
100000970,ann.morgan@acmecorp.com,11mo3d,333,false,false,false,false,true,1
100000971,gabriel.flores@acmecorp.com,7mo2w4d,228,true,false,false,false,true,3
100000972,maria.cox@acmecorp.com,4mo3w5d,146,false,false,false,false,false,1
100000973,bobby.ruiz@acmecorp.com,10mo1w5d,312,false,true,false,false,false,2
100000974,sean.wilson@acmecorp.com,4mo3w5d,146,false,false,false,false,true,2
100000975,justin.murray@acmecorp.com,10mo4w,328,true,false,true,true,false,2
100000976,justin.watson@acmecorp.com,1mo3w6d,57,false,false,false,true,true,3
100000977,peter.edwards1@acmecorp.com,10mo3w2d,323,true,true,false,true,true,3
100000978,gary.hamilton@acmecorp.com,6mo3w1d,202,true,false,true,false,true,2
100000979,nicole.rogers@acmecorp.com,6mo1w1d,188,true,true,false,false,false,1
100000980,sara.peterson@acmecorp.com,8mo2w,254,true,false,false,false,false,2
100000981,debra.bryant@acmecorp.com,7mo4w1d,239,false,false,false,false,false,2
100000982,harold.johnson@acmecorp.com,9mo,270,false,false,false,false,false,1
100000983,jonathan.patterson@acmecorp.com,3mo1w4d,101,false,false,true,false,false,1
100000984,ralph.reed@acmecorp.com,3mo1w5d,102,false,true,true,false,false,3
100000985,sandra.reyes@acmecorp.com,4mo3w4d,145,false,false,false,false,false,1
100000986,patricia.reynolds@acmecorp.com,2mo2w5d,79,false,false,true,false,true,3
100000987,sandra.rivera@acmecorp.com,4mo2w5d,139,false,true,false,false,false,3
100000988,randy.hughes@acmecorp.com,6mo,180,true,true,true,false,true,4
100000989,andrea.ellis@acmecorp.com,12mo,360,false,false,true,false,false,1
100000990,jerry.king@acmecorp.com,10mo2w1d,315,false,false,false,false,true,2
100000991,debra.johnson@acmecorp.com,6mo1w4d,191,false,false,false,false,false,2
100000992,harold.bryant@acmecorp.com,11mo1d,331,false,false,true,false,true,2
100000993,louise.alexander@acmecorp.com,9mo4w,298,false,false,false,false,false,2
100000994,stephanie.jackson@acmecorp.com,4mo3w4d,145,false,false,false,false,true,3
100000995,jeremy.ramos@acmecorp.com,3mo4d,94,false,false,false,false,false,2
100000996,randy.sullivan@acmecorp.com,8mo2d,242,true,true,true,false,false,3
100000997,robert.hall@acmecorp.com,7mo4d,214,false,false,true,false,false,1
100000998,cynthia.gray@acmecorp.com,10mo1w6d,313,false,false,false,false,false,1
100000999,ann.gray1@acmecorp.com,11mo2w4d,348,false,false,false,false,false,1